INSERT INTO Users (firstName, lastName, phoneNo, email, password, role, loginDate, logoutDate)
VALUES 
('Bob', 'Watts','0411222333','admin@gmail.com','password123', 'admin', '2025-05-18 14:17:07', '2025-05-18 14:47:07'),
('John', 'Watson','0411222333','staff@gmail.com','password123', 'staff', '2025-05-14 20:47:07', '2025-05-14 21:47:07'),
('Mary', 'Clark','0411222333','customer@gmail.com','password123', 'customer', '2025-05-14 20:47:07', '2025-05-14 22:47:07'),
('Jennifer', 'Brown','0411222333','a@gmail.com','password123', 'customer', '2025-05-14 20:47:07', '2025-05-14 21:47:07'),
('Alice', 'White','0411222333','b@gmail.com','password123', 'staff', '2025-05-14 20:47:07', '2025-05-14 20:57:07'),
('Luck', 'Do','0411222333','c@gmail.com','password123', 'customer', '2025-05-14 20:47:07', '2025-05-14 20:49:07'),
('Bob', 'Jane','0411222333','d@gmail.com','password123', 'staff', '2025-05-14 20:47:07', '2025-05-14 20:51:07'),
('Jane', 'Lane','0411222333','e@gmail.com','password123', 'staff', '2025-05-14 20:47:07', '2025-05-14 20:57:07'),
('Kale', 'Watts','0411222333','veggie@gmail.com','password123', 'staff', '2025-05-14 20:47:07', '2025-05-14 20:52:07'),
('Brocolli', 'Watts','0411222333','f@gmail.com','password123', 'customer', '2025-05-14 20:47:07', '2025-05-14 20:48:57'),
('Alana', 'Philip','0411222333','g@gmail.com','password123', 'customer', '2025-05-14 20:47:07', '2025-05-14 20:49:47'),
('Amelie', 'Watts','0411222333','h@gmail.com','password123', 'staff', '2025-05-14 20:47:07', '2025-05-14 20:57:37'),
('Carl', 'Chapman','0411222333','i@gmail.com','password123', 'staff', '2024-11-11 13:23:44', '2024-11-11 13:23:44'),
('Henry', 'Boss','0411222333','j@gmail.com','password123', 'staff', '2024-11-11 13:23:44', '2024-11-11 13:23:44'),
('Jack', 'Mac','0411222333','k@gmail.com','password123', 'customer', '2024-11-11 13:23:44', '2024-11-11 13:23:44'),
('Lily', 'Wood','0411222333','l@gmail.com','password123', 'staff', '2024-11-11 13:23:44', '2024-11-11 13:23:44'),
('Bill', 'Wood','0411222333','m@gmail.com','password123', 'staff', '2024-11-11 13:23:44', '2024-11-11 13:23:44'),
('Sam', 'Clark','0411222334','n@gmail.com','password123', 'staff', '2024-11-11 13:23:44', '2024-11-11 13:23:44'),
('Mario', 'Kart','0411222333','o@gmail.com','password123', 'staff', '2024-11-11 13:23:44', '2024-11-11 13:23:44'),
('Princess', 'Peach','0411222333','p@gmail.com','password123', 'staff', '2024-11-11 13:23:44', '2024-11-11 13:23:44'),
('Marie', 'Antoinette','0411222333','marie@gmail.com','password123', 'staff', '2024-11-11 13:23:44', '2024-11-11 13:23:44'),
('Coco', 'Chanel','0411222333','test@gmail.com','password123', 'staff', '2024-11-11 13:23:44', '2024-11-11 13:23:44'),
('Marc', 'Jacobs','0411222333','someone@gmail.com','password123', 'staff', '2024-11-11 13:23:44', '2024-11-11 13:23:44');

INSERT INTO Orders (orderID, userID, orderDate, totalPrice, orderStatus) VALUES
  ( 1, 3, '2025-05-01',  49.99, 0),  -- Saved
  ( 2, 3, '2025-05-02', 129.95, 1),  -- Submitted
  ( 3, 3, '2025-05-03',  75.50, 0),
  ( 4, 3, '2025-05-04', 199.99, 1),
  ( 5, 3, '2025-05-05',  39.95, 0),
  ( 6, 3, '2025-05-06',  89.20, 1),
  ( 7, 3, '2025-05-07', 149.49, 0),
  ( 8, 3, '2025-05-08',  19.99, 1),
  ( 9, 3, '2025-05-09',  59.00, 0),
  (10, 3, '2025-05-10', 109.99, 1),
  (11, 3, '2025-05-11',  24.75, 0),
  (12, 3, '2025-05-12',  79.99, 1),
  (13, 3, '2025-05-13',  42.00, 0),
  (14, 3, '2025-05-14', 120.00, 1),
  (15, 3, '2025-05-15',  55.55, 0),
  (16, 3, '2025-05-16', 199.95, 1),
  (17, 3, '2025-05-17',  15.00, 0),
  (18, 3, '2025-05-18',  99.99, 1),
  (19, 3, '2025-05-19',  30.30, 0),
  (20, 3, '2025-05-20',  65.65, 1);

INSERT INTO OrderItems (orderID, deviceID, quantity, unitPrice) VALUES
  ( 1, 10, 1,  49.99), 
  ( 2,  5, 1, 129.95),  
  ( 3,  3, 1,  75.50),
  ( 4,  4, 1, 199.99),
  ( 5,  7, 1,  39.95),
  ( 6,  6, 1,  89.20),
  ( 7,  2, 1, 149.49),
  ( 8,  8, 1,  19.99),
  ( 9,  9, 1,  59.00),
  (10, 11, 1, 109.99),
  (11, 12, 1,  24.75),
  (12,  5, 1,  79.99),
  (13, 13, 1,  42.00),
  (14,  2, 1, 120.00),
  (15,  7, 1,  55.55),
  (16,  3, 1, 199.95),
  (17, 15, 1,  15.00),
  (18,  1, 1,  99.99),
  (19, 19, 1,  30.30),
  (20,  6, 1,  65.65);
INSERT INTO iot_device (device_name, device_type, unit_price, quantity) VALUES
('Smart Sensor', 'Sensor', 99.99, 50),
('IoT Camera', 'Camera', 149.99, 30),
('Thermostat', 'Controller', 199.99, 20),
('Light Bulb', 'Lighting', 19.99, 100),
('Air Quality Monitor', 'Sensor', 129.99, 40),
('Motion Detector', 'Sensor', 89.99, 35),
('Smart Plug', 'Controller', 39.99, 80),
('Smoke Detector', 'Sensor', 59.99, 25),
('Smart Door Lock', 'Security', 179.99, 15),
('Water Leak Sensor', 'Sensor', 49.99, 45),
('Garage Door Opener', 'Controller', 159.99, 10),
('Smart Switch', 'Lighting', 24.99, 60),
('Temperature Sensor', 'Sensor', 69.99, 70),
('Surveillance Drone', 'Camera', 299.99, 5),
('Vibration Sensor', 'Sensor', 54.99, 33),
('Smart Curtain Controller', 'Controller', 119.99, 12),
('Outdoor Security Camera', 'Camera', 189.99, 22),
('Ceiling Light Panel', 'Lighting', 89.99, 40),
('CO2 Monitor', 'Sensor', 139.99, 18),
('Wi-Fi Repeater', 'Networking', 49.99, 55);

INSERT INTO AccessLogs (userId, action, accessDate) 
VALUES 
('1', 'logged in', '2025-05-14 20:47:07'),
('2', 'logged in', '2025-05-14 20:47:07'),
('3', 'logged in', '2025-05-14 20:47:07'),
('4', 'logged in', '2025-05-14 20:47:07'),
('5', 'logged in', '2025-05-14 20:47:07'),
('6', 'logged in', '2025-05-14 20:47:07'),
('7', 'logged in', '2025-05-14 20:47:07'),
('8', 'logged in', '2025-05-14 20:47:07'),
('9', 'logged in', '2025-05-14 20:47:07'),
('10', 'logged in', '2025-05-14 20:47:07'),
('1', 'logged out', '2025-05-14 21:57:07'),
('2', 'logged out', '2025-05-14 21:47:07'),
('3', 'logged out', '2025-05-14 22:47:07'),
('4', 'logged out', '2025-05-14 21:47:07'),
('5', 'logged out', '2025-05-14 20:57:07'),
('6', 'logged out', '2025-05-14 20:49:07'),
('7', 'logged out', '2025-05-14 20:51:07'),
('8', 'logged out', '2025-05-14 20:57:07'),
('9', 'logged out', '2025-05-14 20:52:07'),
('10', 'logged out', '2025-05-14 20:48:57'),
('1', 'logged in', '2025-05-15 20:47:07'),
('1', 'logged out', '2025-05-15 20:49:07'),
('1', 'logged in', '2025-05-16 10:57:07'),
('1', 'logged out', '2025-05-16 11:27:07'),
('1', 'logged in', '2025-05-18 14:17:07'),
('1', 'logged out', '2025-05-18 14:47:07');